<?xml version="1.0" encoding="utf-8"?>
<!--/463861/1344317/2.50/17/3/Connector/-->
<quadcept_library>
  <setting unit="mil" />
  <textstyle name="Default" height="47.244094488189" strokewidth="7.8740157480315" charwidth="47.244094488189" />
  <textstyle name="Dimension" height="19.6850393700787" strokewidth="0" charwidth="19.6850393700787" />
  <textstyle name="H127W0635TH00762" height="50" strokewidth="3" charwidth="25" />
  <textstyle name="H15W15TH02" height="59.0551181102362" strokewidth="7.8740157480315" charwidth="59.0551181102362" />
  <padstyle name="c163.5_h109" surface="False" plated="True" isvia="False" nopaste="True" nomask="True" complex="False" holesize="42.913385826771">
    <padshape layer="TOP" shape="round" width="64.370078740157" height="64.370078740157" />
    <padshape layer="TOP_SOLDER_MASK" shape="round" width="72.244094488188" height="72.244094488188" />
    <padshape layer="INNER" shape="round" width="64.370078740157" height="64.370078740157" />
    <padshape layer="BOTTOM" shape="round" width="64.370078740157" height="64.370078740157" />
    <padshape layer="BOTTOM_SOLDER_MASK" shape="round" width="72.244094488188" height="72.244094488188" />
  </padstyle>
  <padstyle name="s163.5_h109" surface="False" plated="True" isvia="False" nopaste="True" nomask="True" complex="False" holesize="42.913385826771">
    <padshape layer="TOP" shape="square" width="64.370078740157" height="64.370078740157" />
    <padshape layer="TOP_SOLDER_MASK" shape="square" width="72.244094488188" height="72.244094488188" />
    <padshape layer="INNER" shape="square" width="64.370078740157" height="64.370078740157" />
    <padshape layer="BOTTOM" shape="square" width="64.370078740157" height="64.370078740157" />
    <padshape layer="BOTTOM_SOLDER_MASK" shape="square" width="72.244094488188" height="72.244094488188" />
  </padstyle>
  <padstyle name="c480_h320" surface="False" plated="True" isvia="False" nopaste="True" nomask="True" complex="False" holesize="125.9842519685">
    <padshape layer="TOP" shape="round" width="188.97637795275" height="188.97637795275" />
    <padshape layer="TOP_SOLDER_MASK" shape="round" width="196.85039370078" height="196.85039370078" />
    <padshape layer="INNER" shape="round" width="188.97637795275" height="188.97637795275" />
    <padshape layer="BOTTOM" shape="round" width="188.97637795275" height="188.97637795275" />
    <padshape layer="BOTTOM_SOLDER_MASK" shape="round" width="196.85039370078" height="196.85039370078" />
  </padstyle>
  <footprint name="618015231421" originx="0" originy="0" pickpointx="0" pickpointy="0">
    <pcbpin number="1" name="1" style="s163.5_h109" originx="0" originy="0" rotation="90" />
    <pcbpin number="2" name="2" style="c163.5_h109" originx="109.05511811023" originy="0" rotation="90" />
    <pcbpin number="3" name="3" style="c163.5_h109" originx="218.11023622047" originy="0" rotation="90" />
    <pcbpin number="4" name="4" style="c163.5_h109" originx="327.1653543307" originy="0" rotation="90" />
    <pcbpin number="5" name="5" style="c163.5_h109" originx="436.22047244094" originy="0" rotation="90" />
    <pcbpin number="6" name="6" style="c163.5_h109" originx="545.27559055117" originy="0" rotation="90" />
    <pcbpin number="7" name="7" style="c163.5_h109" originx="654.33070866141" originy="0" rotation="90" />
    <pcbpin number="8" name="8" style="c163.5_h109" originx="763.38582677164" originy="0" rotation="90" />
    <pcbpin number="9" name="9" style="c163.5_h109" originx="54.527559055117" originy="-111.81102362205" rotation="90" />
    <pcbpin number="10" name="10" style="c163.5_h109" originx="163.58267716535" originy="-111.81102362205" rotation="90" />
    <pcbpin number="11" name="11" style="c163.5_h109" originx="272.63779527559" originy="-111.81102362205" rotation="90" />
    <pcbpin number="12" name="12" style="c163.5_h109" originx="381.69291338582" originy="-111.81102362205" rotation="90" />
    <pcbpin number="13" name="13" style="c163.5_h109" originx="490.74803149606" originy="-111.81102362205" rotation="90" />
    <pcbpin number="14" name="14" style="c163.5_h109" originx="599.80314960629" originy="-111.81102362205" rotation="90" />
    <pcbpin number="15" name="15" style="c163.5_h109" originx="708.85826771653" originy="-111.81102362205" rotation="90" />
    <pcbpin number="16" name="MH1" style="c480_h320" originx="-274.21259842519" originy="-55.905511811023" rotation="90" />
    <pcbpin number="17" name="MH2" style="c480_h320" originx="1037.5984251968" originy="-55.905511811023" rotation="90" />
    <line layer="TOP_ASSEMBLY" originx="-388.77952755905" originy="62.59842519685" endx="1152.1653543307" endy="62.59842519685" width="3.9370078740157" />
    <line layer="TOP_ASSEMBLY" originx="1152.1653543307" originy="62.59842519685" endx="1152.1653543307" endy="-514.17322834645" width="3.9370078740157" />
    <line layer="TOP_ASSEMBLY" originx="1152.1653543307" originy="-514.17322834645" endx="-388.77952755905" endy="-514.17322834645" width="3.9370078740157" />
    <line layer="TOP_ASSEMBLY" originx="-388.77952755905" originy="-514.17322834645" endx="-388.77952755905" endy="62.59842519685" width="3.9370078740157" />
    <line layer="TOP_SILKSCREEN" originx="-388.77952755905" originy="62.59842519685" endx="1152.1653543307" endy="62.59842519685" width="7.8740157480314" />
    <line layer="TOP_SILKSCREEN" originx="1152.1653543307" originy="62.59842519685" endx="1152.1653543307" endy="-514.17322834645" width="7.8740157480314" />
    <line layer="TOP_SILKSCREEN" originx="1152.1653543307" originy="-514.17322834645" endx="-388.77952755905" endy="-514.17322834645" width="7.8740157480314" />
    <line layer="TOP_SILKSCREEN" originx="-388.77952755905" originy="-514.17322834645" endx="-388.77952755905" endy="62.59842519685" width="7.8740157480314" />
    <line layer="TOP_PLACE_BOUND" originx="-428.14960629921" originy="101.96850393701" endx="1191.5354330709" endy="101.96850393701" width="3.9370078740157" />
    <line layer="TOP_PLACE_BOUND" originx="1191.5354330709" originy="101.96850393701" endx="1191.5354330709" endy="-789.76377952755" width="3.9370078740157" />
    <line layer="TOP_PLACE_BOUND" originx="1191.5354330709" originy="-789.76377952755" endx="-428.14960629921" endy="-789.76377952755" width="3.9370078740157" />
    <line layer="TOP_PLACE_BOUND" originx="-428.14960629921" originy="-789.76377952755" endx="-428.14960629921" endy="101.96850393701" width="3.9370078740157" />
    <line layer="TOP_ASSEMBLY" originx="-137.59842519685" originy="-514.17322834645" endx="-137.59842519685" endy="-750.39370078739" width="3.9370078740157" />
    <line layer="TOP_ASSEMBLY" originx="-137.59842519685" originy="-750.39370078739" endx="900.98425196849" endy="-750.39370078739" width="3.9370078740157" />
    <line layer="TOP_ASSEMBLY" originx="900.98425196849" originy="-750.39370078739" endx="900.98425196849" endy="-514.17322834645" width="3.9370078740157" />
    <line layer="TOP_ASSEMBLY" originx="-366.33858267716" originy="-514.17322834645" endx="-366.33858267716" endy="-703.1496062992" width="3.9370078740157" />
    <line layer="TOP_ASSEMBLY" originx="-366.33858267716" originy="-703.1496062992" endx="-208.85826771653" endy="-703.1496062992" width="3.9370078740157" />
    <line layer="TOP_ASSEMBLY" originx="-208.85826771653" originy="-703.1496062992" endx="-208.85826771653" endy="-514.17322834645" width="3.9370078740157" />
    <line layer="TOP_ASSEMBLY" originx="1129.7244094488" originy="-514.17322834645" endx="1129.7244094488" endy="-703.1496062992" width="3.9370078740157" />
    <line layer="TOP_ASSEMBLY" originx="1129.7244094488" originy="-703.1496062992" endx="972.24409448818" endy="-703.1496062992" width="3.9370078740157" />
    <line layer="TOP_ASSEMBLY" originx="972.24409448818" originy="-703.1496062992" endx="972.24409448818" endy="-514.17322834645" width="3.9370078740157" />
    <line layer="TOP_SILKSCREEN" originx="-137.59842519685" originy="-514.17322834645" endx="-137.59842519685" endy="-750.39370078739" width="7.8740157480314" />
    <line layer="TOP_SILKSCREEN" originx="-137.59842519685" originy="-750.39370078739" endx="900.98425196849" endy="-750.39370078739" width="7.8740157480314" />
    <line layer="TOP_SILKSCREEN" originx="900.98425196849" originy="-750.39370078739" endx="900.98425196849" endy="-514.17322834645" width="7.8740157480314" />
    <line layer="TOP_SILKSCREEN" originx="972.24409448818" originy="-514.17322834645" endx="972.24409448818" endy="-703.1496062992" width="7.8740157480314" />
    <line layer="TOP_SILKSCREEN" originx="972.24409448818" originy="-703.1496062992" endx="1129.7244094488" endy="-703.1496062992" width="7.8740157480314" />
    <line layer="TOP_SILKSCREEN" originx="1129.7244094488" originy="-703.1496062992" endx="1129.7244094488" endy="-514.17322834645" width="7.8740157480314" />
    <line layer="TOP_SILKSCREEN" originx="-366.33858267716" originy="-514.17322834645" endx="-366.33858267716" endy="-703.1496062992" width="7.8740157480314" />
    <line layer="TOP_SILKSCREEN" originx="-366.33858267716" originy="-703.1496062992" endx="-208.85826771653" endy="-703.1496062992" width="7.8740157480314" />
    <line layer="TOP_SILKSCREEN" originx="-208.85826771653" originy="-703.1496062992" endx="-208.85826771653" endy="-514.17322834645" width="7.8740157480314" />
    <line layer="TOP_SILKSCREEN" originx="0" originy="86.614173228345" endx="0" endy="86.614173228345" width="3.9370078740157" />
    <arc layer="TOP_SILKSCREEN" originx="1.6391087961985E-15" originy="84.645669291338" startangle="90.0" sweepangle="180.0" radius="1.9685039370079" width="3.9370078740157" />
    <line layer="TOP_SILKSCREEN" originx="0" originy="82.67716535433" endx="0" endy="82.67716535433" width="3.9370078740157" />
    <arc layer="TOP_SILKSCREEN" originx="1.6391087961985E-15" originy="84.645669291338" startangle="-90.0" sweepangle="180.0" radius="1.9685039370079" width="3.9370078740157" />
  </footprint>
  <symbol name="618015231421" originx="0" originy="0">
    <line originx="200" originy="300" endx="1100" endy="300" width="0" />
    <line originx="1100" originy="-300" endx="1100" endy="300" width="0" />
    <line originx="1100" originy="-300" endx="200" endy="-300" width="0" />
    <line originx="200" originy="300" endx="200" endy="-300" width="0" />
    <sympin number="1" originx="300" originy="300" rotation="90" length="100" width="7.8740157480315" flipped="False">
      <text name="pinname" originx="300" originy="270" style="Default" rotation="0" justify="right" flipped="False" hidden="False" data="1" />
      <text name="pindes" originx="280" originy="360" style="Default" rotation="0" justify="lowerleft" flipped="False" hidden="False" data="1" />
    </sympin>
    <sympin number="2" originx="400" originy="300" rotation="90" length="100" width="7.8740157480315" flipped="False">
      <text name="pinname" originx="400" originy="270" style="Default" rotation="0" justify="right" flipped="False" hidden="False" data="2" />
      <text name="pindes" originx="380" originy="360" style="Default" rotation="0" justify="lowerleft" flipped="False" hidden="False" data="2" />
    </sympin>
    <sympin number="3" originx="500" originy="300" rotation="90" length="100" width="7.8740157480315" flipped="False">
      <text name="pinname" originx="500" originy="270" style="Default" rotation="0" justify="right" flipped="False" hidden="False" data="3" />
      <text name="pindes" originx="480" originy="360" style="Default" rotation="0" justify="lowerleft" flipped="False" hidden="False" data="3" />
    </sympin>
    <sympin number="4" originx="600" originy="300" rotation="90" length="100" width="7.8740157480315" flipped="False">
      <text name="pinname" originx="600" originy="270" style="Default" rotation="0" justify="right" flipped="False" hidden="False" data="4" />
      <text name="pindes" originx="580" originy="360" style="Default" rotation="0" justify="lowerleft" flipped="False" hidden="False" data="4" />
    </sympin>
    <sympin number="5" originx="700" originy="300" rotation="90" length="100" width="7.8740157480315" flipped="False">
      <text name="pinname" originx="700" originy="270" style="Default" rotation="0" justify="right" flipped="False" hidden="False" data="5" />
      <text name="pindes" originx="680" originy="360" style="Default" rotation="0" justify="lowerleft" flipped="False" hidden="False" data="5" />
    </sympin>
    <sympin number="6" originx="800" originy="300" rotation="90" length="100" width="7.8740157480315" flipped="False">
      <text name="pinname" originx="800" originy="270" style="Default" rotation="0" justify="right" flipped="False" hidden="False" data="6" />
      <text name="pindes" originx="780" originy="360" style="Default" rotation="0" justify="lowerleft" flipped="False" hidden="False" data="6" />
    </sympin>
    <sympin number="7" originx="900" originy="300" rotation="90" length="100" width="7.8740157480315" flipped="False">
      <text name="pinname" originx="900" originy="270" style="Default" rotation="0" justify="right" flipped="False" hidden="False" data="7" />
      <text name="pindes" originx="880" originy="360" style="Default" rotation="0" justify="lowerleft" flipped="False" hidden="False" data="7" />
    </sympin>
    <sympin number="8" originx="1000" originy="300" rotation="90" length="100" width="7.8740157480315" flipped="False">
      <text name="pinname" originx="1000" originy="270" style="Default" rotation="0" justify="right" flipped="False" hidden="False" data="8" />
      <text name="pindes" originx="980" originy="360" style="Default" rotation="0" justify="lowerleft" flipped="False" hidden="False" data="8" />
    </sympin>
    <sympin number="9" originx="300" originy="-300" rotation="270" length="100" width="7.8740157480315" flipped="False">
      <text name="pinname" originx="300" originy="-270" style="Default" rotation="0" justify="left" flipped="False" hidden="False" data="9" />
      <text name="pindes" originx="280" originy="-360" style="Default" rotation="0" justify="lowerright" flipped="False" hidden="False" data="9" />
    </sympin>
    <sympin number="10" originx="400" originy="-300" rotation="270" length="100" width="7.8740157480315" flipped="False">
      <text name="pinname" originx="400" originy="-270" style="Default" rotation="0" justify="left" flipped="False" hidden="False" data="10" />
      <text name="pindes" originx="380" originy="-360" style="Default" rotation="0" justify="lowerright" flipped="False" hidden="False" data="10" />
    </sympin>
    <sympin number="11" originx="500" originy="-300" rotation="270" length="100" width="7.8740157480315" flipped="False">
      <text name="pinname" originx="500" originy="-270" style="Default" rotation="0" justify="left" flipped="False" hidden="False" data="11" />
      <text name="pindes" originx="480" originy="-360" style="Default" rotation="0" justify="lowerright" flipped="False" hidden="False" data="11" />
    </sympin>
    <sympin number="12" originx="600" originy="-300" rotation="270" length="100" width="7.8740157480315" flipped="False">
      <text name="pinname" originx="600" originy="-270" style="Default" rotation="0" justify="left" flipped="False" hidden="False" data="12" />
      <text name="pindes" originx="580" originy="-360" style="Default" rotation="0" justify="lowerright" flipped="False" hidden="False" data="12" />
    </sympin>
    <sympin number="13" originx="700" originy="-300" rotation="270" length="100" width="7.8740157480315" flipped="False">
      <text name="pinname" originx="700" originy="-270" style="Default" rotation="0" justify="left" flipped="False" hidden="False" data="13" />
      <text name="pindes" originx="680" originy="-360" style="Default" rotation="0" justify="lowerright" flipped="False" hidden="False" data="13" />
    </sympin>
    <sympin number="14" originx="800" originy="-300" rotation="270" length="100" width="7.8740157480315" flipped="False">
      <text name="pinname" originx="800" originy="-270" style="Default" rotation="0" justify="left" flipped="False" hidden="False" data="14" />
      <text name="pindes" originx="780" originy="-360" style="Default" rotation="0" justify="lowerright" flipped="False" hidden="False" data="14" />
    </sympin>
    <sympin number="15" originx="900" originy="-300" rotation="270" length="100" width="7.8740157480315" flipped="False">
      <text name="pinname" originx="900" originy="-270" style="Default" rotation="0" justify="left" flipped="False" hidden="False" data="15" />
      <text name="pindes" originx="880" originy="-360" style="Default" rotation="0" justify="lowerright" flipped="False" hidden="False" data="15" />
    </sympin>
    <sympin number="16" originx="200" originy="0" rotation="180" length="100" width="7.8740157480315" flipped="False">
      <text name="pinname" originx="230" originy="0" style="Default" rotation="0" justify="left" flipped="False" hidden="False" data="MH1" />
      <text name="pindes" originx="140" originy="20" style="Default" rotation="0" justify="lowerright" flipped="False" hidden="False" data="MH1" />
    </sympin>
    <sympin number="17" originx="1100" originy="0" rotation="0" length="100" width="7.8740157480315" flipped="False">
      <text name="pinname" originx="1070" originy="0" style="Default" rotation="0" justify="right" flipped="False" hidden="False" data="MH2" />
      <text name="pindes" originx="1160" originy="20" style="Default" rotation="0" justify="lowerleft" flipped="False" hidden="False" data="MH2" />
    </sympin>
  </symbol>
  <component name="618015231421" designatorprefix="J" height="505.90551181102" footprint="618015231421">
    <comppin designator="1" sympin="1" pinswap="0" gateswap="0" gate="1" group="1" side="" type="Any" name="1" />
    <comppin designator="2" sympin="2" pinswap="0" gateswap="0" gate="1" group="1" side="" type="Any" name="2" />
    <comppin designator="3" sympin="3" pinswap="0" gateswap="0" gate="1" group="1" side="" type="Any" name="3" />
    <comppin designator="4" sympin="4" pinswap="0" gateswap="0" gate="1" group="1" side="" type="Any" name="4" />
    <comppin designator="5" sympin="5" pinswap="0" gateswap="0" gate="1" group="1" side="" type="Any" name="5" />
    <comppin designator="6" sympin="6" pinswap="0" gateswap="0" gate="1" group="1" side="" type="Any" name="6" />
    <comppin designator="7" sympin="7" pinswap="0" gateswap="0" gate="1" group="1" side="" type="Any" name="7" />
    <comppin designator="8" sympin="8" pinswap="0" gateswap="0" gate="1" group="1" side="" type="Any" name="8" />
    <comppin designator="9" sympin="9" pinswap="0" gateswap="0" gate="1" group="1" side="" type="Any" name="9" />
    <comppin designator="10" sympin="10" pinswap="0" gateswap="0" gate="1" group="1" side="" type="Any" name="10" />
    <comppin designator="11" sympin="11" pinswap="0" gateswap="0" gate="1" group="1" side="" type="Any" name="11" />
    <comppin designator="12" sympin="12" pinswap="0" gateswap="0" gate="1" group="1" side="" type="Any" name="12" />
    <comppin designator="13" sympin="13" pinswap="0" gateswap="0" gate="1" group="1" side="" type="Any" name="13" />
    <comppin designator="14" sympin="14" pinswap="0" gateswap="0" gate="1" group="1" side="" type="Any" name="14" />
    <comppin designator="15" sympin="15" pinswap="0" gateswap="0" gate="1" group="1" side="" type="Any" name="15" />
    <comppin designator="MH1" sympin="16" pinswap="0" gateswap="0" gate="1" group="1" side="" type="Any" name="MH1" />
    <comppin designator="MH2" sympin="17" pinswap="0" gateswap="0" gate="1" group="1" side="" type="Any" name="MH2" />
    <attached_symbol gate="1" name="618015231421" />
    <pinmap designator="1" footprintpin="1" />
    <pinmap designator="2" footprintpin="2" />
    <pinmap designator="3" footprintpin="3" />
    <pinmap designator="4" footprintpin="4" />
    <pinmap designator="5" footprintpin="5" />
    <pinmap designator="6" footprintpin="6" />
    <pinmap designator="7" footprintpin="7" />
    <pinmap designator="8" footprintpin="8" />
    <pinmap designator="9" footprintpin="9" />
    <pinmap designator="10" footprintpin="10" />
    <pinmap designator="11" footprintpin="11" />
    <pinmap designator="12" footprintpin="12" />
    <pinmap designator="13" footprintpin="13" />
    <pinmap designator="14" footprintpin="14" />
    <pinmap designator="15" footprintpin="15" />
    <pinmap designator="MH1" footprintpin="16" />
    <pinmap designator="MH2" footprintpin="17" />
    <text name="Datasheet" originx="0" originy="0" style="Default" rotation="0" justify="" flipped="False" hidden="True" data="https://www.we-online.com/components/products/datasheet/618015231421.pdf" />
    <text name="Description" originx="0" originy="0" style="Default" rotation="0" justify="" flipped="False" hidden="True" data="Wurth Elektronik 618 Series 2.77 mm, 2.84 mm Pitch 15 Way Right Angle Through Hole Mount PCB D-sub Connector, Plug" />
    <text name="Manufacturer_Name" originx="0" originy="0" style="Default" rotation="0" justify="" flipped="False" hidden="True" data="Wurth Elektronik" />
    <text name="Manufacturer_Part_Number" originx="1150" originy="400" style="Default" rotation="0" justify="left" flipped="False" hidden="False" data="618015231421" />
    <text name="Mouser Part Number" originx="0" originy="0" style="Default" rotation="0" justify="" flipped="False" hidden="True" data="710-618015231421" />
    <text name="Mouser Price/Stock" originx="0" originy="0" style="Default" rotation="0" justify="" flipped="False" hidden="True" data="https://www.mouser.co.uk/ProductDetail/Wurth-Elektronik/618015231421?qs=sPbYRqrBIVlysHrvL4GQhQ%3D%3D" />
    <text name="Arrow Part Number" originx="0" originy="0" style="Default" rotation="0" justify="" flipped="False" hidden="True" data="" />
    <text name="Arrow Price/Stock" originx="0" originy="0" style="Default" rotation="0" justify="" flipped="False" hidden="True" data="" />
  </component>
</quadcept_library>
