<?xml version="1.0" encoding="utf-8"?>
<!--/13475036/1344317/2.50/6/3/LED/-->
<quadcept_library>
  <setting unit="mil" />
  <textstyle name="Default" height="47.244094488189" strokewidth="7.8740157480315" charwidth="47.244094488189" />
  <textstyle name="Dimension" height="19.6850393700787" strokewidth="0" charwidth="19.6850393700787" />
  <textstyle name="H127W0635TH00762" height="50" strokewidth="3" charwidth="25" />
  <textstyle name="H15W15TH02" height="59.0551181102362" strokewidth="7.8740157480315" charwidth="59.0551181102362" />
  <padstyle name="r88_52" surface="True" plated="False" isvia="False" nopaste="False" nomask="True" complex="False" holesize="0">
    <padshape layer="TOP" shape="rectangle" width="20.472440944882" height="34.645669291338" />
    <padshape layer="TOP_SOLDER_MASK" shape="rectangle" width="28.346456692913" height="42.51968503937" />
    <padshape layer="TOP_SOLDER_PASTE" shape="rectangle" width="20.472440944882" height="34.645669291338" />
  </padstyle>
  <footprint name="5988G10313F" originx="0" originy="0" pickpointx="0" pickpointy="0">
    <pcbpin number="1" name="1" style="r88_52" originx="-43.897637795275" originy="34.842519685039" rotation="90" />
    <pcbpin number="2" name="2" style="r88_52" originx="43.897637795275" originy="34.842519685039" rotation="90" />
    <pcbpin number="3" name="3" style="r88_52" originx="-43.897637795275" originy="0" rotation="90" />
    <pcbpin number="4" name="4" style="r88_52" originx="43.897637795275" originy="0" rotation="90" />
    <pcbpin number="5" name="5" style="r88_52" originx="-43.897637795275" originy="-34.842519685039" rotation="90" />
    <pcbpin number="6" name="6" style="r88_52" originx="43.897637795275" originy="-34.842519685039" rotation="90" />
    <line layer="TOP_ASSEMBLY" originx="-55.11811023622" originy="53.149606299212" endx="55.11811023622" endy="53.149606299212" width="3.9370078740157" />
    <line layer="TOP_ASSEMBLY" originx="55.11811023622" originy="53.149606299212" endx="55.11811023622" endy="-53.149606299212" width="3.9370078740157" />
    <line layer="TOP_ASSEMBLY" originx="55.11811023622" originy="-53.149606299212" endx="-55.11811023622" endy="-53.149606299212" width="3.9370078740157" />
    <line layer="TOP_ASSEMBLY" originx="-55.11811023622" originy="-53.149606299212" endx="-55.11811023622" endy="53.149606299212" width="3.9370078740157" />
    <line layer="TOP_PLACE_BOUND" originx="-100.5905511811" originy="92.519685039369" endx="100.5905511811" endy="92.519685039369" width="3.9370078740157" />
    <line layer="TOP_PLACE_BOUND" originx="100.5905511811" originy="92.519685039369" endx="100.5905511811" endy="-92.519685039369" width="3.9370078740157" />
    <line layer="TOP_PLACE_BOUND" originx="100.5905511811" originy="-92.519685039369" endx="-100.5905511811" endy="-92.519685039369" width="3.9370078740157" />
    <line layer="TOP_PLACE_BOUND" originx="-100.5905511811" originy="-92.519685039369" endx="-100.5905511811" endy="92.519685039369" width="3.9370078740157" />
    <line layer="TOP_SILKSCREEN" originx="-78.740157480314" originy="34.842519685039" endx="-78.740157480314" endy="34.842519685039" width="3.9370078740157" />
    <arc layer="TOP_SILKSCREEN" originx="-80.708661417322" originy="34.842519685039" startangle=".0" sweepangle="180.0" radius="1.9685039370079" width="3.9370078740157" />
    <line layer="TOP_SILKSCREEN" originx="-82.67716535433" originy="34.842519685039" endx="-82.67716535433" endy="34.842519685039" width="3.9370078740157" />
    <arc layer="TOP_SILKSCREEN" originx="-80.708661417322" originy="34.842519685039" startangle="180.0" sweepangle="180.0" radius="1.9685039370079" width="3.9370078740157" />
    <line layer="TOP_SILKSCREEN" originx="-15.748031496063" originy="53.149606299212" endx="15.748031496063" endy="53.149606299212" width="7.8740157480314" />
    <line layer="TOP_SILKSCREEN" originx="-15.748031496063" originy="-53.149606299212" endx="15.748031496063" endy="-53.149606299212" width="7.8740157480314" />
  </footprint>
  <symbol name="5988G10313F" originx="0" originy="0">
    <line originx="200" originy="100" endx="700" endy="100" width="0" />
    <line originx="700" originy="-300" endx="700" endy="100" width="0" />
    <line originx="700" originy="-300" endx="200" endy="-300" width="0" />
    <line originx="200" originy="100" endx="200" endy="-300" width="0" />
    <sympin number="1" originx="200" originy="0" rotation="180" length="100" width="7.8740157480315" flipped="False">
      <text name="pinname" originx="230" originy="0" style="Default" rotation="0" justify="left" flipped="False" hidden="False" data="R+" />
      <text name="pindes" originx="140" originy="20" style="Default" rotation="0" justify="lowerright" flipped="False" hidden="False" data="1" />
    </sympin>
    <sympin number="2" originx="700" originy="0" rotation="0" length="100" width="7.8740157480315" flipped="False">
      <text name="pinname" originx="670" originy="0" style="Default" rotation="0" justify="right" flipped="False" hidden="False" data="R-" />
      <text name="pindes" originx="760" originy="20" style="Default" rotation="0" justify="lowerleft" flipped="False" hidden="False" data="2" />
    </sympin>
    <sympin number="3" originx="200" originy="-100" rotation="180" length="100" width="7.8740157480315" flipped="False">
      <text name="pinname" originx="230" originy="-100" style="Default" rotation="0" justify="left" flipped="False" hidden="False" data="G+" />
      <text name="pindes" originx="140" originy="-80" style="Default" rotation="0" justify="lowerright" flipped="False" hidden="False" data="3" />
    </sympin>
    <sympin number="4" originx="700" originy="-100" rotation="0" length="100" width="7.8740157480315" flipped="False">
      <text name="pinname" originx="670" originy="-100" style="Default" rotation="0" justify="right" flipped="False" hidden="False" data="G-" />
      <text name="pindes" originx="760" originy="-80" style="Default" rotation="0" justify="lowerleft" flipped="False" hidden="False" data="4" />
    </sympin>
    <sympin number="5" originx="200" originy="-200" rotation="180" length="100" width="7.8740157480315" flipped="False">
      <text name="pinname" originx="230" originy="-200" style="Default" rotation="0" justify="left" flipped="False" hidden="False" data="B+" />
      <text name="pindes" originx="140" originy="-180" style="Default" rotation="0" justify="lowerright" flipped="False" hidden="False" data="5" />
    </sympin>
    <sympin number="6" originx="700" originy="-200" rotation="0" length="100" width="7.8740157480315" flipped="False">
      <text name="pinname" originx="670" originy="-200" style="Default" rotation="0" justify="right" flipped="False" hidden="False" data="B-" />
      <text name="pindes" originx="760" originy="-180" style="Default" rotation="0" justify="lowerleft" flipped="False" hidden="False" data="6" />
    </sympin>
  </symbol>
  <component name="5988G10313F" designatorprefix="LED" height="101.45669291338" footprint="5988G10313F">
    <comppin designator="1" sympin="1" pinswap="0" gateswap="0" gate="1" group="1" side="" type="Any" name="R+" />
    <comppin designator="2" sympin="2" pinswap="0" gateswap="0" gate="1" group="1" side="" type="Any" name="R-" />
    <comppin designator="3" sympin="3" pinswap="0" gateswap="0" gate="1" group="1" side="" type="Any" name="G+" />
    <comppin designator="4" sympin="4" pinswap="0" gateswap="0" gate="1" group="1" side="" type="Any" name="G-" />
    <comppin designator="5" sympin="5" pinswap="0" gateswap="0" gate="1" group="1" side="" type="Any" name="B+" />
    <comppin designator="6" sympin="6" pinswap="0" gateswap="0" gate="1" group="1" side="" type="Any" name="B-" />
    <attached_symbol gate="1" name="5988G10313F" />
    <pinmap designator="1" footprintpin="1" />
    <pinmap designator="2" footprintpin="2" />
    <pinmap designator="3" footprintpin="3" />
    <pinmap designator="4" footprintpin="4" />
    <pinmap designator="5" footprintpin="5" />
    <pinmap designator="6" footprintpin="6" />
    <text name="Datasheet" originx="0" originy="0" style="Default" rotation="0" justify="" flipped="False" hidden="True" data="https://www.dialightsignalsandcomponents.com/598-smd-led-plcc6-2827-pkg-tricolor-r-g-b-w-black-surface-13-reel/#resources-btn" />
    <text name="Description" originx="0" originy="0" style="Default" rotation="0" justify="" flipped="False" hidden="True" data="LED, Red, Green, Blue, SMD, 110 , Square, R 20mA, G 20mA, B 20mA" />
    <text name="Manufacturer_Name" originx="0" originy="0" style="Default" rotation="0" justify="" flipped="False" hidden="True" data="Dialight" />
    <text name="Manufacturer_Part_Number" originx="750" originy="200" style="Default" rotation="0" justify="left" flipped="False" hidden="False" data="5988G10313F" />
    <text name="Mouser Part Number" originx="0" originy="0" style="Default" rotation="0" justify="" flipped="False" hidden="True" data="645-5988G10313F" />
    <text name="Mouser Price/Stock" originx="0" originy="0" style="Default" rotation="0" justify="" flipped="False" hidden="True" data="https://www.mouser.co.uk/ProductDetail/Dialight/5988G10313F?qs=zW32dvEIR3sBNt7cJtOHTg%3D%3D" />
    <text name="Arrow Part Number" originx="0" originy="0" style="Default" rotation="0" justify="" flipped="False" hidden="True" data="" />
    <text name="Arrow Price/Stock" originx="0" originy="0" style="Default" rotation="0" justify="" flipped="False" hidden="True" data="" />
  </component>
</quadcept_library>
